region_id,region_name_bn,symbol_name,symbol_total_votes,region_total_votes,vote_percentage
1,বরিশাল,ধানের শীষ,2150289,4513248,47.64
1,বরিশাল,দাঁড়িপাল্লা,1058978,4513248,23.46
1,বরিশাল,হাতপাখা,660170,4513248,14.63
1,বরিশাল,ঈগল,108302,4513248,2.4
1,বরিশাল,গরুর গাড়ী,105543,4513248,2.34
1,বরিশাল,ট্রাক,101776,4513248,2.26
1,বরিশাল,ঘোড়া,97580,4513248,2.16
1,বরিশাল,ফুলকপি,57351,4513248,1.27
1,বরিশাল,ফুটবল,45311,4513248,1
1,বরিশাল,শাপলা কলি,36616,4513248,0.81
1,বরিশাল,মই,22700,4513248,0.5
1,বরিশাল,লাঙ্গল,21468,4513248,0.48
1,বরিশাল,দেওয়াল ঘড়ি,21217,4513248,0.47
1,বরিশাল,বাইসাইকেল,12313,4513248,0.27
1,বরিশাল,মোটর সাইকেল,3721,4513248,0.08
1,বরিশাল,মোটরগাড়ি (কার),2015,4513248,0.04
1,বরিশাল,জাহাজ,1276,4513248,0.03
1,বরিশাল,হাঁস,1139,4513248,0.03
1,বরিশাল,আম,1118,4513248,0.02
1,বরিশাল,প্রজাপতি,546,4513248,0.01
1,বরিশাল,হেলিকপ্টার,508,4513248,0.01
1,বরিশাল,সিংহ,502,4513248,0.01
1,বরিশাল,ছড়ি,413,4513248,0.01
1,বরিশাল,ছাতা,381,4513248,0.01
1,বরিশাল,মোরগ,345,4513248,0.01
1,বরিশাল,চেয়ার,303,4513248,0.01
1,বরিশাল,কাঁচি,300,4513248,0.01
1,বরিশাল,হারিকেন,244,4513248,0.01
1,বরিশাল,ডাব,219,4513248,0
1,বরিশাল,তারা,215,4513248,0
1,বরিশাল,সূর্যমুখী ফুল,134,4513248,0
1,বরিশাল,কাঁঠাল,115,4513248,0
1,বরিশাল,কলস,77,4513248,0
1,বরিশাল,কলম,63,4513248,0
2,চট্টগ্রাম,ধানের শীষ,7293747,13816517,52.79
2,চট্টগ্রাম,দাঁড়িপাল্লা,3841451,13816517,27.8
2,চট্টগ্রাম,শাপলা কলি,497260,13816517,3.6
2,চট্টগ্রাম,হাতপাখা,327234,13816517,2.37
2,চট্টগ্রাম,ফুটবল,232102,13816517,1.68
2,চট্টগ্রাম,মোমবাতি,224833,13816517,1.63
2,চট্টগ্রাম,ছাতা,209292,13816517,1.51
2,চট্টগ্রাম,রিক্সা,130983,13816517,0.95
2,চট্টগ্রাম,হাঁস,118988,13816517,0.86
2,চট্টগ্রাম,ঘোড়া,104443,13816517,0.76
2,চট্টগ্রাম,মাথাল,97778,13816517,0.71
2,চট্টগ্রাম,কলস,92795,13816517,0.67
2,চট্টগ্রাম,ঈগল,82756,13816517,0.6
2,চট্টগ্রাম,খেজুর গাছ,80434,13816517,0.58
2,চট্টগ্রাম,চিংড়ি,74175,13816517,0.54
2,চট্টগ্রাম,তালা,63045,13816517,0.46
2,চট্টগ্রাম,ট্রাক,56094,13816517,0.41
2,চট্টগ্রাম,চেয়ার,48044,13816517,0.35
2,চট্টগ্রাম,কাপ-পিরিচ	,45123,13816517,0.33
2,চট্টগ্রাম,লাঙ্গল,38396,13816517,0.28
2,চট্টগ্রাম,কলার ছড়ি,30226,13816517,0.22
2,চট্টগ্রাম,দেওয়াল ঘড়ি,27367,13816517,0.2
2,চট্টগ্রাম,তারা,26589,13816517,0.19
2,চট্টগ্রাম,একতারা,19169,13816517,0.14
2,চট্টগ্রাম,আপেল,13395,13816517,0.1
2,চট্টগ্রাম,হরিণ ,7263,13816517,0.05
2,চট্টগ্রাম,কলম,5813,13816517,0.04
2,চট্টগ্রাম,কাস্তে,2556,13816517,0.02
2,চট্টগ্রাম,কাঁচি,2442,13816517,0.02
2,চট্টগ্রাম,মোটর সাইকেল,2401,13816517,0.02
2,চট্টগ্রাম,মই,2170,13816517,0.02
2,চট্টগ্রাম,প্রজাপতি,1961,13816517,0.01
2,চট্টগ্রাম,হাত (পাঞ্জা),1866,13816517,0.01
2,চট্টগ্রাম,ডাব,1801,13816517,0.01
2,চট্টগ্রাম,আনারস,1442,13816517,0.01
2,চট্টগ্রাম,হাতি,1333,13816517,0.01
2,চট্টগ্রাম,উদীয়মান সূর্য,1183,13816517,0.01
2,চট্টগ্রাম,কোদাল,1080,13816517,0.01
2,চট্টগ্রাম,ছড়ি,1049,13816517,0.01
2,চট্টগ্রাম,রকেট,1030,13816517,0.01
2,চট্টগ্রাম,বটগাছ,934,13816517,0.01
2,চট্টগ্রাম,সিংহ,841,13816517,0.01
2,চট্টগ্রাম,হারিকেন,624,13816517,0
2,চট্টগ্রাম,আম,608,13816517,0
2,চট্টগ্রাম,মোরগ,534,13816517,0
2,চট্টগ্রাম,কেটলি,503,13816517,0
2,চট্টগ্রাম,হাতঘড়ি,288,13816517,0
2,চট্টগ্রাম,মিনার,279,13816517,0
2,চট্টগ্রাম,বই,193,13816517,0
2,চট্টগ্রাম,ঘুড়ি,184,13816517,0
2,চট্টগ্রাম,সূর্যমুখী ফুল,178,13816517,0
2,চট্টগ্রাম,মোটরগাড়ি (কার),144,13816517,0
2,চট্টগ্রাম,মাছ,98,13816517,0
3,ঢাকা,ধানের শীষ,8354645,16266506,51.36
3,ঢাকা,দাঁড়িপাল্লা,3683110,16266506,22.64
3,ঢাকা,শাপলা কলি,925011,16266506,5.69
3,ঢাকা,রিক্সা,831890,16266506,5.11
3,ঢাকা,ফুটবল,446456,16266506,2.74
3,ঢাকা,হাতপাখা,420190,16266506,2.58
3,ঢাকা,হরিণ ,265465,16266506,1.63
3,ঢাকা,দেওয়াল ঘড়ি,192987,16266506,1.19
3,ঢাকা,হাঁস,189182,16266506,1.16
3,ঢাকা,ঘোড়া,152539,16266506,0.94
3,ঢাকা,মোটর সাইকেল,146461,16266506,0.9
3,ঢাকা,কলস,104650,16266506,0.64
3,ঢাকা,লাঙ্গল,82896,16266506,0.51
3,ঢাকা,খেজুর গাছ,80619,16266506,0.5
3,ঢাকা,ট্রাক,68549,16266506,0.42
3,ঢাকা,মোরগ,40497,16266506,0.25
3,ঢাকা,জাহাজ,37027,16266506,0.23
3,ঢাকা,কোদাল,31645,16266506,0.19
3,ঢাকা,তালা,28662,16266506,0.18
3,ঢাকা,টেলিফোন,27891,16266506,0.17
3,ঢাকা,মাইক,20580,16266506,0.13
3,ঢাকা,হাতি,13928,16266506,0.09
3,ঢাকা,কাস্তে,13577,16266506,0.08
3,ঢাকা,গোলাপ ফুল,11206,16266506,0.07
3,ঢাকা,কলম,10525,16266506,0.06
3,ঢাকা,মোমবাতি,9021,16266506,0.06
3,ঢাকা,আপেল,7428,16266506,0.05
3,ঢাকা,চেয়ার,6846,16266506,0.04
3,ঢাকা,বাইসাইকেল,5867,16266506,0.04
3,ঢাকা,একতারা,5583,16266506,0.03
3,ঢাকা,মোটরগাড়ি (কার),4352,16266506,0.03
3,ঢাকা,মই,4008,16266506,0.02
3,ঢাকা,বটগাছ,3967,16266506,0.02
3,ঢাকা,মাথাল,3771,16266506,0.02
3,ঢাকা,রেল ইঞ্জিন,3205,16266506,0.02
3,ঢাকা,আম,2943,16266506,0.02
3,ঢাকা,কাঁচি,2866,16266506,0.02
3,ঢাকা,টেবিল ঘড়ি,2819,16266506,0.02
3,ঢাকা,মিনার,2332,16266506,0.01
3,ঢাকা,ঈগল,2272,16266506,0.01
3,ঢাকা,প্রজাপতি,2131,16266506,0.01
3,ঢাকা,ছাতা,1825,16266506,0.01
3,ঢাকা,তারা,1770,16266506,0.01
3,ঢাকা,উদীয়মান সূর্য,1668,16266506,0.01
3,ঢাকা,আনারস,1579,16266506,0.01
3,ঢাকা,ছড়ি,1556,16266506,0.01
3,ঢাকা,ডাব,1395,16266506,0.01
3,ঢাকা,হারিকেন,1166,16266506,0.01
3,ঢাকা,রকেট,1112,16266506,0.01
3,ঢাকা,ঘুড়ি,979,16266506,0.01
3,ঢাকা,সূর্যমুখী ফুল,684,16266506,0
3,ঢাকা,মাছ,481,16266506,0
3,ঢাকা,ময়ূর,474,16266506,0
3,ঢাকা,টেলিভিশন,407,16266506,0
3,ঢাকা,কেটলি,350,16266506,0
3,ঢাকা,হাতঘড়ি,301,16266506,0
3,ঢাকা,কম্পিউটার,246,16266506,0
3,ঢাকা,কাঁঠাল,237,16266506,0
3,ঢাকা,সোফা,206,16266506,0
3,ঢাকা,কবুতর,191,16266506,0
3,ঢাকা,গরুর গাড়ী,138,16266506,0
3,ঢাকা,উট,84,16266506,0
3,ঢাকা,সিংহ,58,16266506,0
4,খুলনা,দাঁড়িপাল্লা,4786148,9918309,48.26
4,খুলনা,ধানের শীষ,4319106,9918309,43.55
4,খুলনা,হাতপাখা,197565,9918309,1.99
4,খুলনা,কলস,165509,9918309,1.67
4,খুলনা,ফুটবল,116193,9918309,1.17
4,খুলনা,দেওয়াল ঘড়ি,109831,9918309,1.11
4,খুলনা,কাপ-পিরিচ	,77104,9918309,0.78
4,খুলনা,ঘোড়া,56435,9918309,0.57
4,খুলনা,লাঙ্গল,38715,9918309,0.39
4,খুলনা,মোটর সাইকেল,18661,9918309,0.19
4,খুলনা,কাস্তে,11010,9918309,0.11
4,খুলনা,রকেট,3331,9918309,0.03
4,খুলনা,মই,2737,9918309,0.03
4,খুলনা,ট্রাক,2272,9918309,0.02
4,খুলনা,ঈগল,1989,9918309,0.02
4,খুলনা,চশমা,1772,9918309,0.02
4,খুলনা,ডাব,1536,9918309,0.02
4,খুলনা,তারা,1380,9918309,0.01
4,খুলনা,হরিণ ,1297,9918309,0.01
4,খুলনা,চেয়ার,1123,9918309,0.01
4,খুলনা,মোমবাতি,1122,9918309,0.01
4,খুলনা,উদীয়মান সূর্য,522,9918309,0.01
4,খুলনা,হাতি,475,9918309,0
4,খুলনা,মোটরগাড়ি (কার),317,9918309,0
4,খুলনা,কাঁচি,309,9918309,0
4,খুলনা,আনারস,308,9918309,0
4,খুলনা,জাহাজ,287,9918309,0
4,খুলনা,হারিকেন,242,9918309,0
4,খুলনা,টেলিভিশন,233,9918309,0
4,খুলনা,ছড়ি,220,9918309,0
4,খুলনা,দোয়াত কলম,169,9918309,0
4,খুলনা,হাত (পাঞ্জা),167,9918309,0
4,খুলনা,সিংহ,141,9918309,0
4,খুলনা,ঘুড়ি,83,9918309,0
5,ময়মনসিংহ,ধানের শীষ,2842950,5510078,51.6
5,ময়মনসিংহ,দাঁড়িপাল্লা,1301896,5510078,23.63
5,ময়মনসিংহ,ঘোড়া,344239,5510078,6.25
5,ময়মনসিংহ,রিক্সা,286912,5510078,5.21
5,ময়মনসিংহ,হাতপাখা,115489,5510078,2.1
5,ময়মনসিংহ,হাঁস,97522,5510078,1.77
5,ময়মনসিংহ,শাপলা কলি,90018,5510078,1.63
5,ময়মনসিংহ,ফুলকপি,71168,5510078,1.29
5,ময়মনসিংহ,হরিণ ,66261,5510078,1.2
5,ময়মনসিংহ,মোটর সাইকেল,63459,5510078,1.15
5,ময়মনসিংহ,ফুটবল,54355,5510078,0.99
5,ময়মনসিংহ,ছাতা,46837,5510078,0.85
5,ময়মনসিংহ,কাপ-পিরিচ	,45585,5510078,0.83
5,ময়মনসিংহ,বই,25706,5510078,0.47
5,ময়মনসিংহ,লাঙ্গল,17621,5510078,0.32
5,ময়মনসিংহ,কাস্তে,11519,5510078,0.21
5,ময়মনসিংহ,সূর্যমুখী ফুল,10523,5510078,0.19
5,ময়মনসিংহ,বাইসাইকেল,3739,5510078,0.07
5,ময়মনসিংহ,মাথাল,2089,5510078,0.04
5,ময়মনসিংহ,বটগাছ,2020,5510078,0.04
5,ময়মনসিংহ,একতারা,1963,5510078,0.04
5,ময়মনসিংহ,ট্রাক,1951,5510078,0.04
5,ময়মনসিংহ,ঈগল,1386,5510078,0.03
5,ময়মনসিংহ,কাঁচি,1318,5510078,0.02
5,ময়মনসিংহ,তারা,915,5510078,0.02
5,ময়মনসিংহ,কলস,494,5510078,0.01
5,ময়মনসিংহ,কেটলি,379,5510078,0.01
5,ময়মনসিংহ,আম,373,5510078,0.01
5,ময়মনসিংহ,চেয়ার,358,5510078,0.01
5,ময়মনসিংহ,কোদাল,282,5510078,0.01
5,ময়মনসিংহ,আনারস,274,5510078,0
5,ময়মনসিংহ,উদীয়মান সূর্য,252,5510078,0
5,ময়মনসিংহ,ডাব,225,5510078,0
6,রাজশাহী ,ধানের শীষ,6092314,11308061,53.88
6,রাজশাহী ,দাঁড়িপাল্লা,4490712,11308061,39.71
6,রাজশাহী ,শাপলা কলি,124591,11308061,1.1
6,রাজশাহী ,ঘোড়া,122091,11308061,1.08
6,রাজশাহী ,রিক্সা,116802,11308061,1.03
6,রাজশাহী ,হাতপাখা,98518,11308061,0.87
6,রাজশাহী ,কলস,91014,11308061,0.8
6,রাজশাহী ,মোটর সাইকেল,67972,11308061,0.6
6,রাজশাহী ,লাঙ্গল,52939,11308061,0.47
6,রাজশাহী ,ফুটবল,8602,11308061,0.08
6,রাজশাহী ,কাস্তে,7713,11308061,0.07
6,রাজশাহী ,ঈগল,6993,11308061,0.06
6,রাজশাহী ,কেটলি,4481,11308061,0.04
6,রাজশাহী ,ট্রাক,4141,11308061,0.04
6,রাজশাহী ,মই,3870,11308061,0.03
6,রাজশাহী ,একতারা,2358,11308061,0.02
6,রাজশাহী ,তারা,1803,11308061,0.02
6,রাজশাহী ,মোমবাতি,1579,11308061,0.01
6,রাজশাহী ,ছাতা,1134,11308061,0.01
6,রাজশাহী ,প্রজাপতি,948,11308061,0.01
6,রাজশাহী ,জাহাজ,823,11308061,0.01
6,রাজশাহী ,উদীয়মান সূর্য,804,11308061,0.01
6,রাজশাহী ,মাথাল,745,11308061,0.01
6,রাজশাহী ,মোবাইল ফোন,663,11308061,0.01
6,রাজশাহী ,কাঁচি,617,11308061,0.01
6,রাজশাহী ,ডাব,597,11308061,0.01
6,রাজশাহী ,ছড়ি,557,11308061,0
6,রাজশাহী ,হাতি,555,11308061,0
6,রাজশাহী ,হারিকেন,536,11308061,0
6,রাজশাহী ,আনারস,387,11308061,0
6,রাজশাহী ,কোদাল,276,11308061,0
6,রাজশাহী ,হেলিকপ্টার,252,11308061,0
6,রাজশাহী ,টেলিভিশন,195,11308061,0
6,রাজশাহী ,সিড়ি,183,11308061,0
6,রাজশাহী ,কলম,181,11308061,0
6,রাজশাহী ,হরিণ ,115,11308061,0
7,রংপুর,ধানের শীষ,4036923,9457311,42.69
7,রংপুর,দাঁড়িপাল্লা,3761304,9457311,39.77
7,রংপুর,শাপলা কলি,608736,9457311,6.44
7,রংপুর,লাঙ্গল,401794,9457311,4.25
7,রংপুর,হাতপাখা,188852,9457311,2
7,রংপুর,খেজুর গাছ,119059,9457311,1.26
7,রংপুর,তালা,114675,9457311,1.21
7,রংপুর,হাঁস,38139,9457311,0.4
7,রংপুর,মোটর সাইকেল,31182,9457311,0.33
7,রংপুর,ঢেঁকি,28369,9457311,0.3
7,রংপুর,বালতি,20902,9457311,0.22
7,রংপুর,কলম,20819,9457311,0.22
7,রংপুর,ঘোড়া,13844,9457311,0.15
7,রংপুর,কাস্তে,10005,9457311,0.11
7,রংপুর,ট্রাক,6248,9457311,0.07
7,রংপুর,ফুটবল,5319,9457311,0.06
7,রংপুর,গোলাপ ফুল,5187,9457311,0.05
7,রংপুর,কলস,5102,9457311,0.05
7,রংপুর,বাইসাইকেল,4501,9457311,0.05
7,রংপুর,গাভী,4477,9457311,0.05
7,রংপুর,মোটরগাড়ি (কার),4188,9457311,0.04
7,রংপুর,কাঁচি,3989,9457311,0.04
7,রংপুর,জাহাজ,3857,9457311,0.04
7,রংপুর,হরিণ ,3383,9457311,0.04
7,রংপুর,একতারা,2873,9457311,0.03
7,রংপুর,ঈগল,1927,9457311,0.02
7,রংপুর,মই,1428,9457311,0.02
7,রংপুর,রিক্সা,1387,9457311,0.01
7,রংপুর,কেটলি,1186,9457311,0.01
7,রংপুর,চেয়ার,1103,9457311,0.01
7,রংপুর,আনারস,826,9457311,0.01
7,রংপুর,হারিকেন,788,9457311,0.01
7,রংপুর,রকেট,680,9457311,0.01
7,রংপুর,ডাব,673,9457311,0.01
7,রংপুর,টেলিভিশন,664,9457311,0.01
7,রংপুর,সূর্যমুখী ফুল,614,9457311,0.01
7,রংপুর,কাঁঠাল,518,9457311,0.01
7,রংপুর,মাথাল,429,9457311,0
7,রংপুর,কোদাল,368,9457311,0
7,রংপুর,দেওয়াল ঘড়ি,351,9457311,0
7,রংপুর,তারা,321,9457311,0
7,রংপুর,প্রজাপতি,174,9457311,0
7,রংপুর,আপেল,147,9457311,0
8,সিলেট,ধানের শীষ,2379020,4200083,56.64
8,সিলেট,দাঁড়িপাল্লা,901660,4200083,21.47
8,সিলেট,দেওয়াল ঘড়ি,217977,4200083,5.19
8,সিলেট,রিক্সা,196213,4200083,4.67
8,সিলেট,ফুটবল,111990,4200083,2.67
8,সিলেট,মোমবাতি,98456,4200083,2.34
8,সিলেট,খেজুর গাছ,69774,4200083,1.66
8,সিলেট,তালা,42226,4200083,1.01
8,সিলেট,ঘোড়া,37430,4200083,0.89
8,সিলেট,কাপ-পিরিচ	,32347,4200083,0.77
8,সিলেট,মোটর সাইকেল,26307,4200083,0.63
8,সিলেট,হেলিকপ্টার,23846,4200083,0.57
8,সিলেট,হাতপাখা,16122,4200083,0.38
8,সিলেট,লাঙ্গল,15482,4200083,0.37
8,সিলেট,চেয়ার,5272,4200083,0.13
8,সিলেট,ঈগল,4937,4200083,0.12
8,সিলেট,শাপলা কলি,4563,4200083,0.11
8,সিলেট,কাস্তে,3844,4200083,0.09
8,সিলেট,মই,2892,4200083,0.07
8,সিলেট,ট্রাক,2480,4200083,0.06
8,সিলেট,কাঁচি,1392,4200083,0.03
8,সিলেট,বই,1184,4200083,0.03
8,সিলেট,হারিকেন,908,4200083,0.02
8,সিলেট,আপেল,723,4200083,0.02
8,সিলেট,মোটরগাড়ি (কার),644,4200083,0.02
8,সিলেট,উদীয়মান সূর্য,637,4200083,0.02
8,সিলেট,ছড়ি,616,4200083,0.01
8,সিলেট,আম,433,4200083,0.01
8,সিলেট,কম্পিউটার,297,4200083,0.01
8,সিলেট,টেবিল ঘড়ি,237,4200083,0.01
8,সিলেট,মাছ,174,4200083,0
